[
{"CodPedido": 1, "CodCliente": 1, "DatPedido": "08/09/25", "ValPedido": 0, "Observacao": "", "itens": [
]}
,
{"CodPedido": 2, "CodCliente": 1, "DatPedido": "08/09/25", "ValPedido": 56, "Observacao": "", "itens": [
{"CodItem": 1, "CodProduto": 2, "NumQuantidade": 5, "ValTotal": 50}
,
{"CodItem": 2, "CodProduto": 1, "NumQuantidade": 1, "ValTotal": 6}
]}
,
{"CodPedido": 5, "CodCliente": 2, "DatPedido": "08/10/25", "ValPedido": 0, "Observacao": "dwdwdw", "itens": [
]}
,
{"CodPedido": 7, "CodCliente": 2, "DatPedido": "08/10/25", "ValPedido": 0, "Observacao": "116161", "itens": [
]}
,
{"CodPedido": 8, "CodCliente": 7, "DatPedido": "08/10/25", "ValPedido": 0, "Observacao": "sdsddsds", "itens": [
]}
]
